"ISBN";"nb.Ratings";"mean";"sd";"max";"min";"med"
"000649840X";18;7.5;2.26;10;2;8
"002542730X";39;7.92;1.77;10;5;8
"006000438X";20;7.9;1.55;10;5;8
"006001203X";14;7.5;1.91;10;5;8
"006016848X";32;7;1.68;10;5;7
"006019491X";18;8;1.46;10;5;8
"006092988X";14;9.21;0.89;10;7;9
"006098824X";13;7.69;1.25;10;5;8
"006099486X";26;7.81;1.27;10;5;8
"006101351X";50;7.4;1.88;10;4;8
"006109868X";12;8.83;1.03;10;7;9
"006109921X";11;8.27;1.56;10;6;9
"014017737X";11;8.18;1.47;10;5;8
"014023313X";32;7.53;1.93;10;3;7
"014023828X";15;7.47;1.64;10;3;8
"014025448X";49;7.84;1.8;10;2;8
"014028009X";76;7.86;1.73;10;2;8
"014029628X";42;7.74;1.33;10;4;8
"014034294X";16;8.75;1.48;10;5;9
"014038572X";15;8.4;1.4;10;6;8
"014100018X";27;7.85;1.43;10;5;8
"014131088X";21;8.24;2;10;2;9
"015100692X";26;7.54;2.06;10;3;8
"015600710X";11;8.82;1.47;10;5;9
"015602943X";15;8.47;1.68;10;5;8
"031205436X";20;7.35;2.08;10;1;7.5
"031242227X";42;7.52;2;10;3;8
"031298328X";30;6.53;2.33;10;1;6
"034536676X";29;8.34;1.26;10;5;8
"034538184X";13;7.15;1.52;9;4;8
"034538430X";13;7;3.06;10;1;8
"034538475X";57;7.02;1.81;10;2;7
"034539657X";16;7.31;1.66;10;5;7
"034540288X";52;7.31;1.73;10;3;7
"034540761X";13;7.23;1.24;9;5;7
"034541389X";27;7.78;1.6;10;5;8
"034543479X";17;7.18;1.51;10;4;7
"034545104X";12;6.42;2.39;9;3;6.5
"037541309X";19;8.32;0.95;10;7;8
"037570485X";9;7.44;1.88;10;4;8
"037570504X";26;6.96;1.91;10;3;7
"037570910X";12;7.92;1.68;10;6;7.5
"037582233X";14;8.71;1.07;10;7;9
"038000321X";16;8.44;1.09;10;7;8
"038001503X";5;8.6;1.67;10;6;9
"038079487X";39;7.59;1.48;10;5;8
"038082101X";22;7.36;1.43;10;5;8
"038529929X";30;7.43;2.3;10;2;8
"038531258X";15;8.2;1.32;10;5;8
"038531292X";9;6.78;2.05;10;3;7
"038531700X";8;7.5;1.93;10;4;7.5
"038533334X";27;6.7;1.61;10;4;7
"038533348X";14;8.57;1.16;10;6;9
"038533558X";13;8.77;0.83;10;8;9
"038533656X";11;6.09;1.64;8;3;6
"038542017X";30;7.73;1.91;10;2;8
"038542471X";16;7.75;1.13;10;6;8
"038548951X";22;9;0.87;10;7;9
"038549081X";26;8.69;1.38;10;6;9
"038550120X";38;7.82;1.77;10;4;8
"038550926X";27;7.15;1.68;10;4;7
"038572179X";30;7.6;1.43;10;4;8
"039304016X";10;8.4;1.07;10;7;8
"039480001X";21;9.19;1.4;10;5;10
"039592720X";31;8.39;1.52;10;4;9
"039914465X";16;6.44;1.82;9;2;6.5
"039914563X";8;7.38;2.13;10;5;8
"039914613X";13;7.85;1.68;10;5;8
"039914739X";11;5.55;1.86;9;3;5
"039914840X";14;8.36;1.74;10;5;8.5
"039915079X";13;7;1.58;10;5;7
"042510107X";21;7.76;1.81;10;5;8
"042510687X";13;7.23;1.54;10;5;8
"042511774X";22;7.68;1.86;10;2;8
"042513525X";27;7.67;1.66;10;4;8
"042513699X";10;7.7;1.77;10;5;8
"042516098X";25;6.32;2.08;9;1;7
"042517736X";14;6.71;1.98;10;2;7
"042518109X";9;8;1;9;7;8
"042518286X";19;7.32;1.97;10;4;8
"042518630X";19;7.84;2.22;10;2;8
"043935806X";119;8.97;1.42;10;4;10
"043936213X";27;9.07;1.38;10;5;10
"044020562X";13;7.85;2.03;10;3;8
"044021145X";121;7.98;1.73;10;1;8
"044022103X";29;7.66;1.52;10;5;8
"044022165X";70;7.53;1.67;10;3;8
"044022425X";17;8.59;1.54;10;5;9
"044023722X";127;7.33;1.79;10;3;8
"044048474X";12;8.33;1.5;10;5;8.5
"044651652X";69;7.52;2.14;10;1;8
"044651862X";43;7.37;2.24;10;2;8
"044652087X";18;8;1.75;10;5;8
"044661064X";10;7.9;1.66;10;5;8
"044661095X";9;5.56;2.83;10;2;5
"044661162X";19;6.84;1.68;9;3;7
"044661193X";19;7.63;1.83;10;3;8
"044900371X";22;7.73;1.96;10;4;8
"044922046X";14;8.21;1.63;10;5;8.5
"048627263X";8;7.88;1.36;10;6;7.5
"051510566X";16;6.56;1.86;10;3;7
"051511779X";18;8.44;1.58;10;5;8.5
"051511992X";18;7.78;1.52;10;6;8
"051512219X";15;7.53;2.17;10;3;8
"051512317X";19;7.95;1.9;10;3;9
"051512608X";20;6.9;2.05;10;3;7
"051513287X";49;8.08;1.75;10;4;8
"051513628X";25;7.92;1.73;10;5;8
"052594527X";15;8.73;1.28;10;7;9
"055321313X";36;8.97;1.21;10;5;9
"055321330X";12;7.75;1.96;10;2;8
"055328942X";14;8;2.32;10;3;8.5
"055337933X";9;8.22;1.72;10;5;9
"055356160X";24;7.62;1.61;10;5;8
"055356451X";22;7.95;1.43;10;5;8
"055356773X";11;7.36;1.69;10;5;7
"055357227X";16;6.81;2.2;9;3;7
"055357230X";16;7.75;1.44;10;5;8
"055357258X";18;7.67;1.46;10;5;7
"055358264X";11;7.45;1.51;10;5;8
"059030271X";13;8.08;1.71;10;5;8
"059035342X";141;9.04;1.43;10;1;10
"060980619X";12;7.67;2.61;10;3;8.5
"067088300X";33;6.67;1.49;9;2;7
"067100042X";18;7.67;1.78;10;5;7.5
"067101420X";21;7.24;1.97;10;4;7
"067102423X";45;8.09;1.78;10;5;8
"067102535X";18;7.89;1.57;10;5;8
"067103619X";10;6.9;1.6;9;5;7
"067164257X";15;7.67;2.16;10;3;8
"067168390X";18;9.22;0.73;10;8;9
"067169507X";17;8.24;1.82;10;5;8
"067172262X";14;8.86;1.88;10;4;10
"067976397X";16;7.62;2.03;10;3;8
"067976402X";106;7.68;2.11;10;1;8
"068483376X";21;8.1;2.3;10;1;9
"068484267X";50;8.42;1.69;10;5;9
"068484477X";61;8.18;1.42;10;4;8
"068487217X";11;8.55;1.29;10;5;9
"074322423X";11;7.82;2.48;10;3;9
"074322535X";21;7.52;2.23;10;1;8
"074343627X";31;7.52;2.19;10;1;8
"076790382X";20;8.15;1.53;10;5;8
"076790592X";10;9;1.15;10;7;9.5
"080213825X";23;5.39;2.33;10;1;5
"080410526X";49;8.1;1.52;10;5;8
"080410753X";53;8.04;1.27;10;5;8
"080411109X";42;8;1.65;10;2;8
"080411868X";28;7.43;1.73;10;4;7
"080411918X";15;7;1.65;9;4;7
"080411935X";22;7.82;1.62;10;4;8
"081297106X";19;8.79;1.4;10;5;9
"084232920X";14;8.29;1.77;10;5;8.5
"084233226X";22;8.14;1.61;10;5;8
"089480829X";36;8.36;1.61;10;5;8.5
"140003065X";24;8.08;1.93;10;1;8
"1400031346";29;8.28;1.19;10;5;8
"1400031354";55;8.44;1.17;10;5;8
"1400031362";27;8.41;1.15;10;6;8
"140003180X";16;8.12;1.2;10;7;8
"1400032717";27;8.44;1.37;10;6;9
"1400033543";10;7.6;1.17;9;5;8
"1400034779";96;8.05;1.6;10;3;8
"140039589";11;7.91;2.21;10;3;8
"140042393";13;8.62;1.8;10;5;9
"140042520";10;9.2;1.03;10;8;10
"140042598";21;7.57;2.56;10;3;8
"140053204";15;8.07;2.28;10;2;9
"140067477";50;7.92;1.99;10;2;8
"140067779";12;7.92;1.68;10;5;7.5
"140077022";14;7.5;1.83;10;4;7.5
"140092323";13;7.31;1.55;9;4;8
"140119906";35;7.89;1.47;10;4;8
"140131558";11;7.18;1.78;10;5;7
"140143505";14;9.64;0.5;10;9;10
"140177396";23;8.48;1.53;10;5;8
"140179836";18;7.72;1.78;10;3;8
"140185216";19;7.95;1.75;10;6;8
"140186409";16;7.75;2.27;10;3;8
"140230165";13;7.31;2.25;10;3;7
"140244824";35;6.63;1.97;10;2;7
"140254544";24;8.42;1.41;10;4;8.5
"140257934";19;7.84;1.54;10;6;7
"140258795";13;7.69;1.84;10;5;8
"140265686";14;8.5;1.16;10;7;8
"140270590";11;8.36;1.57;10;6;8
"140276904";14;6.71;1.49;9;4;6.5
"140280553";21;7.05;1.83;10;4;7
"140282033";16;8.06;1.57;10;5;8
"140293248";81;6.74;1.92;10;2;7
"140296298";11;8;1.41;10;5;8
"140298479";60;7.95;1.56;10;3;8
"140374248";14;8.57;1.45;10;6;8.5
"140386335";14;8.79;1.42;10;5;9
"140386645";15;8.27;1.79;10;4;8
"140430725";16;8.38;1.93;10;3;9
"140440046";19;7.74;1.85;10;4;8
"140481346";14;5.86;2.68;10;1;6
"140481389";16;8.25;1.48;10;6;8.5
"140620222";16;8.88;1.45;10;5;9.5
"140620338";13;7.92;1.32;10;6;8
"140620427";9;8.56;1.13;10;7;9
"141000198";32;7.59;1.68;10;4;8
"141007338";12;7.75;1.06;9;5;8
"141301155";10;8.3;1.83;10;4;8.5
"142000205";64;7.45;1.63;10;3;8
"142000663";20;8.95;1.28;10;6;9.5
"142001430";45;8.09;1.35;10;6;8
"142001740";144;8.47;1.54;10;2;9
"142001805";37;8.43;1.39;10;5;8
"142001821";15;7.73;1.53;10;4;8
"142002267";19;8;1.29;10;5;8
"142003727";16;7.94;1;9;6;8
"142004235";33;8.82;1.88;10;1;9
"151002290";11;7.55;1.44;10;5;7
"151008116";43;8.28;1.52;10;5;9
"1550548913";13;8.54;1.13;10;7;9
"1551665301";14;7.86;1.61;10;5;8
"155166674X";11;8.18;2.32;10;2;9
"1551666839";17;7.94;1.85;10;4;8
"1551668653";13;7.54;1.85;10;5;8
"1551668912";13;8.46;1.61;10;5;9
"1551668998";17;8.53;1.07;10;7;8
"1558531025";25;7.96;1.72;10;4;8
"155874262X";46;7.48;2.17;10;2;7.5
"1558743316";15;8.33;1.63;10;5;9
"1558743669";67;7.94;1.88;10;2;8
"1558744150";40;7.7;1.44;10;5;8
"155874424X";12;8.25;1.42;10;5;8.5
"1558744592";13;7.92;1.61;10;5;7
"1558744606";11;7.91;1.76;10;5;8
"1558744630";24;7.46;2.48;10;2;8
"1558745017";15;8.13;1.96;10;5;8
"1558745157";38;8.32;1.69;10;4;8.5
"1558745718";24;7.96;1.63;10;5;8
"1558746161";11;7;2.49;10;3;7
"1558746226";16;8;1.97;10;5;8.5
"1558747109";14;8.14;2.18;10;5;9
"1559029838";25;7.96;1.74;10;4;8
"156001314";15;8.33;1.99;10;2;9
"156005891";15;8.07;1.28;10;6;8
"156006529";11;7.18;1.89;10;4;7
"156007479";14;7.93;1.69;10;5;8
"156007754";24;8.46;1.47;10;5;9
"156011042";9;6.56;2.35;10;2;7
"156012197";14;9.43;1.34;10;5;10
"156027321";103;7.91;1.73;10;2;8
"156028778";21;6.81;2.48;10;1;7
"1565122968";17;7.24;1.64;10;4;8
"156528207";27;8.89;1.4;10;6;10
"156628708";20;6.6;2.04;10;3;7
"156711427";11;7.55;1.63;10;5;8
"1573221112";15;8.47;1.6;10;5;9
"1573221937";22;6.5;1.65;10;2;7
"1573222267";12;7.17;1.19;9;5;7.5
"1573225517";25;8.24;1.45;10;5;8
"1573225789";51;8.18;1.62;10;5;8
"1573226521";15;7.67;1.72;10;4;8
"1573227331";25;7.56;1.5;10;5;7
"1573228214";19;7.79;1.51;10;6;8
"157322930X";10;6.7;2;10;4;6.5
"1573229326";45;6.62;1.72;9;1;7
"1573229571";25;7.72;1.74;10;3;8
"1573229725";21;8.86;1.15;10;6;9
"1576737330";20;7.25;1.92;10;3;7.5
"1592400876";37;8.51;1.19;10;6;8
"1844262553";1;8;NA;8;8;8
"1853260002";12;7.83;2.62;10;2;9
"1853260010";13;8.54;1.05;10;7;9
"1853260207";14;8.14;1.61;10;5;8
"1853261580";7;7.71;3.09;10;1;8
"1857022424";12;8.33;1.56;10;5;8.5
"1878424114";11;7.18;2.82;10;1;7
"1878424319";34;7.47;2.72;10;2;8
"1880418568";8;9.25;0.89;10;8;9.5
"193156146X";15;9.53;0.64;10;8;10
"1931561648";19;8.58;1.71;10;4;9
"20199600";12;8.25;1.29;10;6;8.5
"20442203";18;8.89;1.18;10;7;9
"2070360024";15;8.73;1.03;10;7;9
"2253150711";8;7.88;1.36;10;6;7.5
"2290311782";14;7.71;1.14;9;5;8
"28604199";20;8;1.65;10;5;8
"310205719";14;8.21;2.91;10;1;10
"312144075";15;8;1.85;10;5;8
"312147015";10;8.7;1.34;10;6;9
"312150601";14;7.64;1.55;10;5;7.5
"312171838";17;7.82;1.81;10;5;8
"312195516";173;8.36;1.69;10;2;9
"312199430";20;7.9;2.2;10;3;8
"312201656";19;8.05;1.9;10;4;8
"312205406";11;8.73;0.79;10;8;9
"312243022";36;7.14;2.03;10;3;7
"312244266";20;7.45;1.36;10;5;8
"312263120";24;7.25;1.67;10;3;8
"312265840";19;7.79;1.58;10;4;8
"312265859";34;8.24;1.52;10;4;8
"312265867";37;8.7;1.37;10;5;9
"312272057";12;7.25;1.06;9;5;7
"312274920";29;7.9;1.26;10;5;8
"312275420";9;7.11;1.36;9;5;7
"312278586";95;7.48;1.86;10;1;8
"312282990";35;8.14;1.88;10;3;9
"312283709";14;6.86;2.07;10;3;7
"312284683";17;7.88;1.73;10;5;8
"312291639";82;7.28;1.67;10;2;7
"312305060";64;7.5;2.05;10;1;8
"312306326";34;7.44;1.93;10;2;8
"312421273";24;7.5;2.27;10;1;8
"312422156";31;8.45;1.69;10;3;9
"312924585";61;8.38;1.43;10;5;9
"312924801";16;7.94;1.53;10;5;8
"312925883";10;7.2;1.87;10;4;7
"312952716";15;8.27;1.53;10;5;8
"312955006";13;8.08;1.5;10;5;8
"312961324";13;7.46;1.98;10;5;8
"312966091";60;8.18;1.28;10;5;8
"312966806";18;7.72;1.56;10;4;8
"312966970";70;8.19;1.3;10;5;8
"312971125";15;7.6;1.64;10;5;7
"312971346";54;8.26;1.35;10;4;8
"312974256";17;7.53;1.74;10;5;8
"312976275";51;7.65;1.88;10;2;8
"312978367";11;8.36;1.63;10;5;9
"312978383";17;8;1.7;10;5;8
"312979096";17;7.76;1.44;10;4;8
"312979479";11;8.09;1.87;10;3;9
"312980140";59;8.12;1.55;10;3;8
"312980159";22;7.68;1.67;10;4;8
"312982518";18;7.44;1.5;10;5;7.5
"312983271";58;6.84;1.76;10;2;7
"312983298";19;6.63;2.48;10;1;7
"312983301";18;7.06;1.8;10;3;7.5
"312983824";25;7.48;1.45;10;5;8
"312983867";40;7.95;1.69;10;3;8
"312986343";21;6.95;2.13;10;2;7
"312990456";42;8.52;1.49;10;2;9
"312995423";36;7.78;2.03;10;1;8
"316089699";19;7.95;1.58;10;5;8
"316096199";67;8.24;1.54;10;4;8
"316143464";14;8.29;1.73;10;5;9
"316153915";11;7.64;1.36;10;5;7
"316154059";15;7.93;1.44;10;5;8
"316168688";24;8.67;1.31;10;6;9
"316168815";16;7.88;2.39;10;1;8
"316182540";22;8.5;1.06;10;6;9
"316284955";78;7.95;1.63;10;3;8
"316569321";69;7.41;1.94;10;1;8
"316601950";115;7.52;1.77;10;3;8
"316602051";21;7.9;1.61;10;5;8
"316602906";22;8.23;1.85;10;3;9
"316603287";26;7.35;2.23;10;3;8
"316603570";27;8.26;1.53;10;4;8
"316666009";34;7.47;1.56;10;5;8
"316666343";291;8.23;1.5;10;1;8
"316678104";17;8.24;1.64;10;5;8
"316690619";23;6.65;2.37;10;2;7
"316693006";33;8.76;1.68;10;4;9
"316693200";33;8;1.66;10;4;8
"316693235";25;7.68;1.7;10;5;8
"316693251";23;8.35;1.56;10;5;9
"316693286";14;8.14;1.23;10;5;8
"316693294";19;8.16;1.26;10;5;8
"316693324";16;8.12;1.5;10;4;8
"316734837";15;8.33;1.35;10;6;9
"316769487";101;7.47;2.47;10;1;8
"316769509";15;7.93;2.15;10;2;8
"316776963";82;8.09;1.68;10;3;8
"316777722";29;7.83;2.11;10;3;8
"316777730";40;8.25;1.48;10;3;8
"316779237";16;7.75;2.54;10;2;8.5
"316779423";16;7.56;1.67;10;4;7.5
"316779490";14;7.43;2.03;10;3;8
"316780375";27;7.41;1.6;10;4;8
"316780812";20;7.95;1.39;10;5;8
"316781010";19;8.05;1.72;10;5;7
"316781142";30;7;2.17;10;2;7.5
"316781266";39;6.79;1.81;10;4;6
"316782262";13;6.69;1.6;8;3;7
"316782505";26;7.81;1.3;10;5;8
"316788228";26;7.88;1.53;10;4;8
"316789089";30;7.8;1.88;10;2;8
"316789976";11;7.27;1.9;10;3;7
"316899984";29;6.83;1.65;10;3;7
"316969443";32;7.41;2.34;10;2;8
"316969680";36;7.19;2.07;10;1;7
"325722575X";13;8;1.53;10;5;8
"3257228007";9;7.56;2.96;10;1;8
"3257229534";14;7.79;2.04;10;4;8
"330262130";14;8.21;1.53;10;4;8.5
"330267388";15;8.87;1.25;10;6;9
"330332775";35;7.4;2.24;10;1;8
"330375253";14;8.36;1.65;10;5;9
"3379015180";7;7.43;2.51;10;3;7
"3404148665";10;8.2;2.53;10;2;9
"3423202327";11;7.91;1.38;10;5;8
"3423202947";12;8;1.48;10;6;8
"3442541751";13;6.77;1.64;10;3;7
"345301110";20;7.65;1.27;10;5;7.5
"345303067";15;7.2;1.74;9;5;7
"345313860";88;8.15;1.6;10;3;8
"345314255";22;7.41;2.4;10;1;8
"345325818";20;8.2;1.91;10;5;9
"345333926";11;8.55;1.29;10;7;8
"345334531";19;6.74;2.08;10;3;7
"345335465";19;8.21;1.75;10;3;8
"345335511";13;7.54;1.76;10;5;8
"345337662";132;7.57;1.81;10;2;8
"345338588";17;8.29;1.53;10;5;9
"345339681";82;8.77;1.87;10;3;10
"345339703";66;8.73;1.86;10;2;10
"345339711";53;9.23;1.12;10;6;10
"345339738";46;9.5;1.03;10;5;10
"345342968";78;8.6;1.42;10;5;9
"345347536";10;7.6;1.35;10;5;7.5
"345348036";40;8.75;1.79;10;2;9.5
"345348109";19;8.63;1.61;10;4;9
"345350472";13;7.69;1.44;10;5;8
"345350499";49;8.63;1.62;10;4;9
"345350685";12;8.92;1.38;10;6;9.5
"345351525";60;7.57;1.57;10;5;8
"345353145";73;7.58;1.47;10;5;8
"345354613";22;6.91;1.87;10;4;7
"345354621";19;7.53;1.35;10;4;8
"345361792";77;8.87;1.39;10;5;9
"345362861";11;8.36;1.57;10;5;9
"345366239";12;8.5;1.51;10;5;9
"345368754";21;7.57;1.72;10;4;8
"345368932";16;7.69;1.58;10;5;8
"345369947";33;8.42;1.37;10;4;8
"345370775";115;7.76;1.5;10;5;8
"345370805";18;6.67;1.57;9;4;7
"345378482";41;7.71;1.4;10;5;8
"345378490";60;7;1.38;10;5;7
"345380371";52;7.29;1.5;10;4;8
"345384350";24;7.33;1.63;10;4;7.5
"345384369";24;8;1.74;10;4;8
"345384377";16;7.25;1.39;10;5;7.5
"345384466";50;7.86;1.95;10;3;8
"345386108";20;7.45;1.7;10;5;7
"345386132";11;8.09;1.7;10;5;8
"345387651";44;7.89;1.66;10;4;8
"345389417";11;7.64;1.21;10;6;8
"345389964";17;7.12;1.5;10;5;7
"345391055";45;7.42;1.82;10;1;8
"345391802";39;8.23;2.05;10;2;8
"345391810";19;8.47;1.68;10;3;9
"345392825";19;7.42;1.89;10;4;8
"345396936";15;7.6;2.06;10;3;8
"345397819";21;7.62;1.96;10;2;8
"345402871";35;7.69;1.62;10;3;8
"345404114";23;7.3;1.96;10;3;8
"345404319";25;7.8;1.76;10;5;8
"345404475";16;8.5;0.97;10;7;8
"345404769";11;7.09;1.76;10;5;7
"345404793";9;7.11;1.96;10;5;7
"345409469";17;7.82;2.46;10;3;9
"345409671";23;7.74;1.98;10;3;8
"345409973";13;7.92;1.32;10;5;8
"345413350";33;8.33;1.63;10;5;9
"345413369";25;8.72;1.37;10;5;9
"345413377";17;8.59;1.33;10;5;9
"345413865";12;7.25;1.36;9;5;7.5
"345413873";28;6.96;1.82;10;3;7
"345413881";19;7.53;1.43;10;5;8
"345413903";32;8.03;1.66;10;4;8
"345416260";25;8.08;2.04;10;1;8
"345416880";11;7.45;1.75;10;4;7
"345417623";86;7.8;1.97;10;3;8
"345418018";8;8;1.51;10;6;7.5
"345422317";9;7.33;1.41;9;5;8
"345422384";18;7.72;1.07;10;6;8
"345423135";12;8.08;1.51;10;5;8
"345423291";21;7.67;1.59;10;3;8
"345423402";24;7.25;2.19;10;2;8
"345423615";13;7.31;2.06;10;4;7
"345424719";31;8.06;1.46;10;4;8
"345425707";13;6.92;1.66;9;3;7
"345427637";24;6.92;2.22;10;1;7
"345433491";16;7.81;1.22;10;6;8
"345434803";17;7.24;2.39;10;2;8
"345435028";12;7.83;1.34;9;5;8
"345435168";24;7.33;1.58;10;3;8
"345435249";15;7.33;1.8;9;3;8
"345435796";13;7.31;2.25;10;3;8
"345436911";24;7.33;1.63;9;2;8
"345438329";44;7.5;1.59;10;4;8
"345439104";50;7.7;1.64;10;3;8
"345441036";24;7.88;2.03;10;2;8
"345441133";12;7.5;1.24;10;5;7
"345441265";17;7.65;0.79;9;6;8
"345442768";10;6.8;1.75;10;4;7
"345442822";13;8.08;1.19;10;6;8
"345443284";55;7.15;1.82;10;3;7
"345444884";24;8.04;2.31;10;2;8
"345445848";25;7.6;1.35;10;4;8
"345446666";15;8.33;1.23;10;5;9
"345446860";30;7.2;1.56;10;5;7.5
"345447840";23;7.91;1.5;10;5;8
"345447867";22;7.59;1.65;10;5;8
"345449347";11;6.91;1.64;9;3;7
"345450892";9;8.67;1.32;10;7;8
"345452534";18;8.22;1.22;10;5;8
"345452550";14;7.93;1.82;10;5;8
"345452569";18;8;1.53;10;5;8
"345453387";16;7.31;1.54;10;5;7.5
"345453816";9;8.22;1.39;10;6;8
"345459202";18;8.06;1.76;10;5;8
"345465083";28;8.54;1.55;10;4;9
"349101779";20;8.3;2.25;10;1;9
"3492045170";16;7.31;1.49;10;5;7
"3548359698";7;6.29;0.95;7;5;7
"3596259924";11;8.18;1.72;10;5;8
"373218036";25;7.48;1.87;10;5;7
"373218192";25;7.72;1.74;10;4;8
"373218397";25;7.28;1.62;10;2;7
"373218400";19;6.47;1.71;10;4;6
"373218486";13;6.77;1.83;10;5;6
"373218966";16;6.62;1.2;8;5;7
"373243790";11;8.36;1.69;10;5;9
"373244487";13;7.31;1.38;10;5;7
"373250118";13;7.54;0.88;10;7;7
"373250126";18;7.5;1.72;10;5;7.5
"373250134";11;7.27;1.62;9;5;8
"373483503";19;7.89;1.59;10;5;8
"373483694";17;7.53;1.97;10;4;8
"373484003";16;8.06;1.61;10;5;8.5
"373484224";20;7.05;1.73;10;3;7.5
"373484232";14;7.57;2.65;10;1;9
"373484410";21;7.38;1.63;10;4;8
"373484429";14;7.64;1.69;10;4;8
"373825013";15;7.27;2.25;10;3;8
"374100128";16;6.44;1.93;10;3;6
"374129983";27;8.15;1.46;10;5;8
"374172897";11;8.27;1.62;10;5;9
"374199698";24;8.17;1.58;10;4;8.5
"374270325";10;6.7;1.42;9;5;7
"374281602";14;6.79;1.63;9;4;6.5
"374480095";13;8.46;0.97;10;7;8
"374525641";14;8.43;1.34;10;6;8.5
"375400117";25;8.52;1.64;10;5;9
"375401598";11;7;1.79;10;5;7
"375406182";7;7.57;1.51;10;5;8
"375406530";10;7.5;1.58;10;5;8
"375411550";14;6.79;2.15;10;2;7.5
"375412530";23;7.17;1.67;10;4;8
"375412824";24;8.04;1.63;10;4;8.5
"375413634";19;7.74;1.41;10;4;8
"375414053";19;7.58;1.46;10;5;8
"375500510";21;8.05;1.5;10;5;8
"375502025";12;7.42;1.68;10;5;7
"375502238";22;7.59;1.92;10;3;7.5
"375504397";29;7.62;2.32;10;2;8
"375504613";20;7.95;1.47;10;5;8
"375506039";31;7.19;1.35;10;3;7
"375506276";14;7.57;1.74;10;5;7
"375700757";57;7.25;2.01;10;1;8
"375701907";14;8.71;1.27;10;6;9
"375702709";39;7.69;1.58;10;5;8
"375703055";35;7.69;1.75;10;4;8
"375703063";30;6.93;1.8;10;2;7
"375703764";24;8.38;1.53;10;5;9
"375703861";31;7.45;1.8;10;3;8
"375705198";17;7.47;1.5;10;4;7
"375705856";37;7.84;1.36;10;5;8
"375706062";10;7.7;1.06;10;6;8
"375706410";20;7.6;1.43;10;5;7.5
"375706771";88;7.72;1.79;10;3;8
"375707972";66;7.38;1.87;10;3;8
"375719180";13;7.15;1.46;10;4;7
"375724370";8;7.38;2.39;10;4;7.5
"375725784";66;7.15;2.24;10;2;8
"375725849";19;8.42;1.22;10;5;8
"375726349";10;7.3;1.49;10;5;7
"375726403";72;7.76;1.59;10;3;8
"375727132";23;7;1.41;9;4;7
"375727345";99;7.46;1.51;10;3;8
"375756981";21;7.57;1.78;10;4;8
"375758992";17;8.18;1.63;10;3;8
"375760911";30;7.3;1.86;10;3;8
"375826688";12;8.67;1.3;10;6;9
"380001411";17;8.18;1.63;10;5;8
"380002930";54;8.52;1.78;10;4;9
"380005239";11;8.45;0.93;10;7;9
"380012863";30;8.13;1.57;10;5;8
"380018179";40;8.12;1.59;10;4;8
"380600129";16;8;1.97;10;5;8.5
"380702843";19;8.68;1.57;10;5;9
"380703882";14;7.07;1.77;10;4;7
"380710218";32;8.09;1.86;10;3;8
"380714752";17;8;1.22;10;5;8
"380717018";28;7.57;2.1;10;1;8
"380718332";34;8.21;1.34;10;6;8
"380718340";43;8.28;1.3;10;5;8
"380721643";15;7.2;2.18;10;1;7
"380722704";10;7;1.7;9;4;7.5
"380723638";14;7.5;1.16;10;6;7.5
"380725835";18;7.61;1.82;10;4;8
"380726238";10;7.5;1.72;10;5;8
"380727501";24;7.92;1.77;10;3;8
"380728133";11;8.36;1.29;10;6;8
"380730138";45;6.76;1.69;10;3;7
"380730847";16;7.44;1.09;9;5;7
"380731851";62;7.77;1.38;10;3;8
"380778556";20;7.75;2.12;10;3;8
"380788624";12;8.58;2.27;10;2;9
"380789019";56;8.2;1.59;10;2;8.5
"380789035";61;8.15;1.63;10;1;8
"380792745";10;7.2;1.87;10;4;7
"380804557";13;8.08;1.55;10;5;8
"380804697";9;7.22;1.09;9;5;7
"380805995";9;8.11;1.27;10;6;8
"380807343";17;8;1.7;10;5;8
"380813815";29;8.41;1.55;10;5;9
"380814021";21;7.81;1.36;10;5;8
"380816547";12;7.83;1.59;10;5;8
"380817691";20;7.85;1.5;10;5;8
"380820293";19;7.84;1.07;10;6;8
"380820447";14;7.57;1.34;10;5;7.5
"380820889";11;8.55;1.21;10;7;8
"380973545";8;7.75;1.91;10;5;8
"380973650";13;8.31;1.32;10;5;8
"380977788";34;8.12;1.57;10;4;8
"380978415";18;8.67;0.97;10;7;9
"385199570";22;9.09;1.34;10;5;10
"385265700";63;7.32;1.94;10;1;8
"385314698";17;7.65;1.06;9;6;8
"385315236";15;7.4;2.03;10;4;7
"385318073";9;8.22;2.05;10;4;9
"385318782";14;7.86;2.14;10;3;8
"385319207";18;8.11;1.94;10;3;8.5
"385324057";26;7.42;2.27;10;3;8
"385333412";13;7.23;1.74;10;4;7
"385334036";13;6.92;2.14;10;1;7
"385335482";75;7.76;1.62;10;2;8
"385335830";31;7.39;1.5;10;4;8
"385335881";57;8.28;1.46;10;3;8
"385336179";49;8.06;1.59;10;5;8
"385336810";16;8;1.79;10;5;8.5
"385337116";15;7.07;1.58;9;4;7
"385337639";15;8.33;1.5;10;6;8
"385413041";10;8;1.83;10;5;8
"385418493";23;8.17;1.23;10;5;8
"385420161";32;8.25;1.8;10;3;8.5
"385421982";13;8.62;1.26;10;6;9
"385424728";32;7.81;1.49;10;5;8
"385424736";30;7.83;1.76;10;4;8
"385425473";9;9;1;10;8;9
"385472943";17;7.94;1.64;10;5;8
"385472951";34;7.82;1.73;10;4;8
"385474016";35;7.46;1.62;10;3;8
"385474547";16;8.06;1.48;10;5;8
"385475721";24;7.17;1.58;10;5;7.5
"385475772";10;7.6;1.43;10;5;7
"385479565";39;8.18;1.57;10;5;8
"385480016";12;8.25;1.86;10;5;9
"385482388";19;7.63;1.21;10;5;8
"385484518";81;8.64;1.78;10;1;9
"385486804";49;8.24;1.39;10;4;8
"385490445";23;8.57;1.04;10;7;9
"385490992";33;7.15;1.64;10;4;7
"385492081";61;8.43;1.28;10;5;9
"385493800";29;7.24;1.92;10;3;8
"385494246";17;7.29;1.65;10;3;7
"385496095";13;8.23;2.09;10;4;9
"385497466";33;7.64;1.73;10;4;8
"385498721";12;8.25;1.86;10;3;9
"385498802";36;7.67;1.47;10;4;8
"385502532";24;7.33;1.52;9;4;8
"385503822";49;7.57;1.87;10;3;8
"385503857";21;8.43;1.54;10;4;9
"385503954";26;8.04;1.54;10;5;8
"385504209";236;8.55;1.67;10;1;9
"385504470";12;8.58;1;10;7;9
"385505833";57;7.46;1.64;10;4;7
"385507593";17;8;1.06;10;6;8
"385508042";48;7.56;1.53;10;3;8
"385508417";19;7.26;2.05;10;4;7
"385509456";21;8.43;1.63;10;4;9
"385509510";22;8.36;1.59;10;3;9
"385510438";32;8.34;1.43;10;5;8
"385511612";48;6.62;2.08;10;1;7
"385512104";29;8.21;1.52;10;4;8
"385720106";52;6.77;1.46;10;4;7
"385720467";8;7;1.07;8;5;7
"385720920";21;8.1;1.67;10;5;8
"385720955";23;7.48;1.7;10;5;7
"385721420";23;7.09;1.98;10;1;7
"385722192";17;7.88;1.41;10;5;8
"385722206";66;8.18;1.19;10;5;8
"385722435";26;8.23;1.21;10;5;8
"385729332";20;7.7;1.49;10;5;8
"385729340";19;9.05;1.03;10;7;9
"385730586";32;8.47;1.41;10;5;9
"393050939";10;8.5;0.97;10;7;9
"393312836";17;8.82;1.33;10;5;9
"393317552";19;8.47;1.58;10;5;9
"393319296";19;7.53;2.09;10;3;7
"394404289";13;8.92;1.55;10;5;10
"394758285";9;8.11;0.93;10;7;8
"394800168";15;9.13;1.36;10;5;10
"394820371";28;8.29;1.72;10;5;9
"395083567";13;8.85;1.41;10;5;9
"395977894";13;8.23;1.36;10;5;8
"399133143";19;6.95;1.87;10;5;7
"399141146";16;7.81;1.91;10;3;8
"399141464";13;7.46;1.33;9;5;8
"399142282";16;6.62;2.31;10;2;7
"399142789";13;7.92;2.06;10;5;9
"399142851";14;8.14;1.03;10;7;8
"399143947";24;8.04;1.65;10;5;8
"399144463";39;6.77;2.65;10;1;7
"399145087";22;8;1.57;10;5;8
"399145672";16;7.31;1.35;10;5;7
"399145885";10;8;1.49;10;5;8
"399145923";14;8.21;1.67;10;6;8
"399145990";13;7.85;0.99;10;7;8
"399146008";10;7.6;1.43;9;5;8
"399146253";17;7.71;1.4;10;5;8
"399146431";31;8.26;1.5;10;3;9
"399147128";11;8.36;1.43;10;5;9
"399147195";26;7.77;1.92;10;2;8
"399147284";14;7.79;1.72;10;4;8
"399148027";19;7.89;1.49;10;4;8
"399148248";11;9;1.18;10;6;9
"399148639";13;7.62;1.85;10;5;8
"399149155";30;8.3;1.42;10;5;8.5
"399149325";27;7.15;1.88;10;4;7
"399149392";14;8.5;1.74;10;5;8.5
"399149848";16;8.88;1.41;10;6;9.5
"399150439";15;8.67;1.18;10;7;9
"399150897";33;7.33;1.73;10;4;7
"399151648";11;8.09;1.76;10;5;8
"399501487";62;8.4;1.3;10;5;8
"413537900";17;8.35;1.27;10;5;8
"425083837";22;8.59;1.18;10;6;9
"425092917";20;7.6;1.82;10;3;8
"425097609";16;7.5;1.71;10;5;8
"425097722";14;7.86;0.95;9;5;8
"425101452";13;8;1.41;10;5;8
"425104346";13;7.92;1.55;10;6;8
"425105334";17;8.53;1.55;10;5;9
"425107469";37;8.24;1.53;10;5;9
"425109720";30;8.13;1.53;10;5;8
"425113884";14;7.57;1.87;10;5;7.5
"425115801";27;8.11;1.63;10;5;8
"425116840";22;7.59;1.37;10;5;8
"425118703";14;7.93;1.69;10;4;8
"425119653";19;7.05;2.12;10;1;7
"425120279";12;8.25;1.76;10;5;8
"425121259";16;7.44;1.36;10;5;7.5
"425121631";18;7.94;1.47;10;5;8
"425122123";18;7.89;1.28;10;5;8
"425124347";23;7.57;1.62;10;4;7
"425128164";22;6.95;2.06;10;2;7
"425129586";16;7.75;1.57;10;5;7.5
"425130215";10;8;1.15;10;6;8
"425130711";17;7.24;1.71;10;5;7
"425132048";14;7.86;1.56;10;5;8
"425132951";17;6.88;2.03;10;4;7
"425133516";15;8.33;1.29;10;5;9
"425133540";16;7.62;1.45;9;5;8
"425136981";17;7.53;1.59;10;5;8
"425137562";10;7.9;1.52;10;5;8
"425140032";15;7.2;2.24;10;2;8
"425141233";13;8;1.68;10;5;8
"425142485";16;7.25;1.95;10;3;7.5
"425143325";26;8;1.6;10;5;8
"425144429";27;7.37;1.69;10;4;7
"425145638";14;7.5;1.83;10;5;8
"425146413";13;8.46;1.27;10;6;9
"425147363";17;7.29;1.57;10;4;7
"425147517";21;7.76;1.55;10;5;8
"425147584";25;7.32;1.7;10;5;8
"425147622";44;8.16;1.58;10;5;8
"425148297";11;8;2.53;10;3;9
"425150143";16;6.44;1.41;10;4;6.5
"425150984";10;8.6;1.84;10;5;9.5
"425151867";18;6.89;1.71;10;5;7
"425151875";9;6.33;1.8;9;4;6
"425152251";41;7.49;2.11;10;3;8
"425152898";12;8.17;1.8;10;5;9
"425153975";18;8.39;1.29;10;6;8
"425154092";54;7.89;1.62;10;3;8
"425155404";24;7.12;1.75;10;4;7
"425155943";14;7.64;1.08;9;5;8
"425158594";18;6;2.33;9;2;6.5
"425158616";36;7.97;1.5;10;5;8
"425158632";15;7.87;1.64;10;5;8
"425158640";16;7.75;1.44;10;4;8
"425161242";17;8;1.77;10;3;8
"425161722";12;6.33;1.61;9;4;6
"425162443";31;7.65;1.58;10;3;8
"425162788";12;6.25;1.29;9;4;6
"425163385";16;7.38;1.5;10;5;7
"425163407";42;8.05;1.64;10;5;8
"425166619";21;7.14;2.17;10;2;8
"425167313";41;7.1;2.1;10;1;8
"425167720";12;6.92;1.68;10;4;7
"425168298";14;8;0.96;10;6;8
"425169693";17;7.65;1.66;10;5;8
"425169863";30;8.2;1.58;10;4;9
"425170349";19;7.84;1.74;10;5;8
"425172546";31;6.94;2.02;10;1;7
"425172996";13;7.85;1.68;10;5;8
"425174271";14;7.43;1.22;10;5;7
"425175405";42;7.71;1.33;10;5;8
"425177173";27;7.15;1.7;10;3;8
"425178102";20;7.5;1.88;10;3;8
"425178579";17;7.59;1.62;10;5;8
"425178765";26;7.15;1.89;10;1;7
"425178951";16;7.56;1.36;9;5;8
"425179613";18;7.83;1.54;10;5;8
"425179672";17;7.29;2.2;10;2;7
"425179885";22;7.14;1.49;10;4;7
"425180638";34;7.15;1.64;10;4;7
"425180964";24;7.62;2.1;10;1;8
"425181103";21;8.19;1.44;10;5;8
"425181111";10;8;1.7;10;5;7.5
"425181464";21;7.33;1.83;10;4;8
"425181685";12;7.5;2.2;10;3;8
"425182878";23;7.57;1.41;10;5;8
"425182886";13;7.62;1.19;10;5;8
"425182908";37;5.14;2.26;10;1;5
"425183971";21;8.57;1.57;10;5;9
"425184129";15;7.07;2.09;10;3;7
"425184226";15;7.53;1.85;10;3;8
"425184943";14;7;1.75;9;4;7.5
"425185710";21;7.19;2.04;10;3;8
"425188787";17;7.65;1.77;10;4;8
"425189031";19;7.84;2.01;10;5;8
"425189864";13;7.77;1.36;10;5;8
"425190641";11;7.55;1.69;10;5;7
"425191184";16;6.75;2.24;10;3;6.5
"425191583";9;8.78;1.64;10;5;9
"425192725";26;7.69;1.76;10;5;8
"425192733";19;5.79;2.9;10;1;7
"439064864";82;9.07;1.24;10;5;10
"439064872";95;8.82;1.3;10;5;9
"439136350";84;9.12;1.33;10;5;10
"439136369";72;9.12;1.22;10;5;10
"439139597";72;9.26;1.16;10;3;10
"439139600";67;8.96;1.39;10;5;9
"439404371";16;8.44;1.36;10;6;8.5
"439425220";15;9.8;0.41;10;9;10
"440108268";20;7.45;2.21;10;2;8
"440111811";11;7.55;1.75;10;5;8
"440122090";14;7.93;1.64;10;5;8
"440127793";18;7.17;1.38;9;5;7
"440131480";8;8.12;1.64;10;6;8.5
"440178002";16;8.25;1.73;10;5;8.5
"440180295";40;8.22;1.62;10;4;8.5
"440200563";13;7.31;1.8;9;5;8
"440200989";15;6.8;2.14;10;2;7
"440201926";10;7.2;1.69;10;5;7.5
"440202043";20;8.4;1.73;10;4;9
"440204194";16;7.44;1.71;10;5;8
"440204208";9;6.56;1.51;8;4;7
"440204887";21;8.38;2.01;10;3;9
"440206154";71;7.97;1.46;10;4;8
"440207770";14;6.71;1.44;9;3;7
"440211263";42;8.14;1.46;10;5;8
"440211727";98;7.94;1.56;10;4;8
"440212359";12;7.08;1.78;10;3;7.5
"440212561";56;8.77;1.95;10;1;9.5
"440213029";11;7.18;1.33;10;6;7
"440213282";12;8.08;1.44;10;5;8
"440213290";17;7.53;1.23;9;5;8
"440213525";75;7.91;1.56;10;3;8
"440214041";87;7.7;1.68;10;4;8
"440215625";37;8.41;1.94;10;2;9
"440216745";13;6.62;1.94;10;4;7
"440217490";15;7.6;1.64;10;5;8
"440217520";15;7.8;2.04;10;3;9
"440217547";16;7.31;1.85;10;5;7
"440217563";30;8.5;1.53;10;5;9
"440218535";11;7.82;1.08;10;6;8
"440219078";37;8.7;1.66;10;5;9
"440220424";15;8.73;1.28;10;5;9
"440220602";80;7.34;1.77;10;2;8
"440220653";14;7.5;1.61;10;5;8
"440221099";11;7.36;1.36;9;5;8
"440221315";12;7.92;1.83;10;4;8
"440221471";78;7.83;1.62;10;4;8
"440221595";26;7.81;1.79;10;2;8
"440222028";6;7.5;2.35;9;3;8.5
"440222656";69;7.57;1.84;10;1;8
"440223202";30;8.33;1.37;10;5;8.5
"440224594";22;7.27;1.72;10;3;8
"440224624";25;7.24;1.42;9;5;7
"440224675";55;7.15;2.21;10;1;7
"440224705";16;6.88;1.82;10;3;7
"440224764";64;7.5;1.66;10;5;7.5
"440224780";15;8.13;1.85;10;5;8
"440224837";11;7.91;2.02;10;4;8
"440224853";11;7;1.9;10;4;7
"440225299";15;6.8;1.9;10;4;7
"440225701";57;7.7;1.76;10;3;8
"440225817";11;7;1.79;10;5;7
"440225825";10;7.9;1.37;10;5;8
"440226104";42;7.31;1.87;10;2;7
"440226430";98;7.48;1.72;10;3;8
"440234743";80;7.53;1.76;10;3;8
"440235162";31;7.94;1.63;10;4;8
"440235502";15;8.87;1.46;10;5;9
"440235596";44;7.7;1.66;10;4;8
"440236053";16;7.81;1.64;10;4;8
"440236061";11;7.91;1.22;9;5;8
"440236169";13;7.23;2.55;10;2;8
"440236673";66;7.76;1.41;10;5;8
"440236703";38;7.89;1.61;10;3;8
"440236738";23;8;2.04;10;2;9
"440236819";11;7.18;1.4;9;5;7
"440237262";8;6.88;1.64;9;5;6.5
"440237688";17;8.53;1.23;10;6;9
"440241073";77;7.23;1.75;10;3;8
"440241162";18;7.11;2.49;10;1;8
"440241413";17;8.35;1.46;10;5;9
"440241537";50;7.32;1.74;10;2;8
"440343194";16;9.5;0.73;10;8;10
"440404193";13;9.23;0.93;10;8;10
"440414806";34;8.88;1.12;10;7;9
"440418321";9;9;1;10;8;9
"440439884";17;7.65;1.97;10;5;8
"440487617";19;8.47;1.47;10;5;9
"440498058";40;9.12;1.22;10;5;10
"440514428";15;8.33;0.9;10;7;8
"440940001";21;8.9;1.41;10;5;9
"440967694";17;8.76;1.52;10;6;9
"440998050";42;8.64;1.81;10;1;9
"441000916";21;7.9;1.67;10;5;8
"441001971";17;8.71;0.99;10;7;9
"441002935";23;8.48;1.47;10;5;9
"441003257";44;8.34;1.46;10;5;9
"441003745";18;8.22;1.35;10;5;8
"441004520";22;8.14;1.42;10;5;8
"441005241";18;8.28;1.32;10;6;8
"441005489";20;7.85;1.6;10;5;8
"441005748";14;8.29;1.44;10;5;8.5
"441008534";10;8;1.15;10;6;8
"441009239";19;7.89;1.52;10;5;8
"441010512";17;8.24;1.15;10;6;8
"441172695";18;8.17;1.29;10;6;8
"441172717";40;8.9;1.71;10;3;10
"441304834";33;7.48;2.17;10;3;8
"441569595";41;7.93;2;10;1;8
"441627404";11;8.36;1.75;10;5;9
"441783589";14;7.57;1.65;10;4;8
"441790348";35;8.29;1.87;10;3;9
"445406518";14;7.36;1.39;10;5;7.5
"446310786";97;9.01;1.37;10;4;10
"446322180";13;8.23;1.79;10;5;9
"446343455";15;7.2;2.14;10;3;8
"446350109";11;6.73;1.68;10;5;7
"446350982";12;7.75;1.82;10;5;8.5
"446359866";35;7.51;1.69;10;4;8
"446360589";17;6.82;1.33;10;5;7
"446360856";11;7.36;1.69;10;5;7
"446363251";19;7.47;1.9;10;5;7
"446364193";62;8.15;1.47;10;4;8
"446364495";12;7.5;2.28;10;2;8
"446364800";24;7.71;1.88;10;5;8
"446365386";22;8.91;1.34;10;5;9
"446387878";11;8.55;0.93;10;7;8
"446391301";16;8.06;1.34;10;5;8
"446394521";35;7.57;1.85;10;3;8
"446515078";16;6.88;2;10;1;7
"446516538";30;6.3;1.84;10;2;6
"446518581";12;5.75;2.22;10;3;5.5
"446519081";16;6.06;2.62;10;2;5.5
"446519138";28;7.75;1.76;10;5;8
"446520802";27;8.07;1.96;10;2;8
"446523569";19;8.42;1.35;10;6;8
"446525502";19;8.58;1.54;10;5;9
"446525537";20;7.75;1.92;10;3;8
"446525731";13;7.77;1.42;10;5;8
"446525804";13;7.38;1.89;10;4;8
"446527017";9;6.67;2.65;10;1;8
"446527033";17;7.24;1.86;10;5;8
"446527041";8;7.12;1.25;9;5;7
"446527165";20;7.9;1.62;10;5;8
"446527785";23;7.35;1.72;10;4;7
"446527793";14;8.79;1.48;10;5;9
"446530077";18;7.44;1.72;10;4;8
"446530387";11;7.36;1.03;9;5;7
"446530522";18;8.83;1.1;10;6;9
"446530891";15;7.2;1.37;10;5;7
"446531332";35;7.83;1.62;10;4;8
"446532231";55;8.44;1.38;10;6;8
"446532452";18;8.61;1.91;10;2;9
"446600253";14;8;1.88;10;4;8
"446600660";15;8.07;1.39;10;5;8
"446601241";36;7.81;1.53;10;5;8
"446602612";20;8.2;1.91;10;4;8.5
"446602620";21;8.38;1.43;10;5;9
"446603422";13;7.85;1.41;10;5;8
"446603589";23;7.7;1.58;10;5;8
"446603716";22;7.55;2.24;10;1;8
"446603929";22;6.73;2.35;10;1;7
"446604089";9;7.67;1.58;9;5;8
"446604232";8;7.38;1.77;10;5;7.5
"446604658";15;7.33;1.54;10;4;7
"446604666";36;8.11;1.39;10;5;8
"446604801";31;7.74;1.37;10;5;8
"446604844";23;7.09;1.98;10;2;8
"446605239";83;8.05;2.02;10;2;8
"446605409";24;7.88;1.65;10;4;8
"446605484";42;8.14;1.32;10;5;8
"446606189";39;8.15;1.5;10;4;8
"446606324";26;7.73;1.76;10;5;8
"446606383";16;7.06;1.44;9;4;7
"446606812";59;7.83;2.14;10;1;8
"446607193";18;7.61;1.5;10;5;8
"446607207";9;7.44;1.51;10;5;7
"446607657";50;7.48;2.05;10;1;8
"446607711";21;7.33;1.77;10;4;8
"446608262";14;8.29;1.33;10;5;8.5
"446608602";12;6.5;1.78;8;2;7
"446608815";35;7.6;1.8;10;2;8
"446608890";25;7.76;1.61;10;5;8
"446608955";61;7.69;2.03;10;3;8
"446609323";28;7.04;1.64;10;4;7
"446609404";32;7.59;1.78;10;3;8
"446609943";20;7.25;1.52;10;3;7
"446610038";82;7.95;1.57;10;3;8
"446610100";28;8.07;1.3;10;5;8
"446610178";13;6.46;2.88;10;1;7
"446610399";42;7.64;1.81;10;3;8
"446610542";23;7.48;1.88;10;3;8
"446611085";28;7.71;1.92;10;4;8
"446611212";50;7.62;1.74;10;3;8
"446611239";17;8.06;1.82;10;3;8
"446611611";13;8.31;0.95;10;7;8
"446611638";20;8.15;1.14;10;6;8
"446611778";21;7.71;2.03;10;3;8
"446611808";24;7.71;1.73;10;5;7.5
"446611867";40;7.83;1.75;10;3;8
"446611913";13;8.46;1.56;10;5;9
"446611921";15;8.13;1.64;10;5;8
"446612545";48;7.56;1.37;10;5;8
"446612790";50;7.52;1.89;10;3;8
"446613266";23;8.57;1.27;10;6;9
"446613436";20;8.1;1.52;10;5;8.5
"446613843";14;8.14;1.29;10;6;8
"446667900";22;7.45;1.63;10;5;7.5
"446670111";26;8.08;1.7;10;5;8
"446670251";43;7.7;1.6;10;3;8
"446671002";16;6.19;2.69;10;1;6
"446672211";141;8.25;1.48;10;4;8
"446673544";27;5.85;2.35;10;1;6
"446675059";29;8.17;1.34;10;5;8
"446676098";15;8.07;2.02;10;3;8
"446677450";24;8.42;1.93;10;3;9
"446678457";12;7.75;1.48;10;5;7.5
"446679364";21;7.71;1.38;10;4;8
"446679593";30;8.1;2.25;10;2;8.5
"448095017";13;8.15;1.57;10;5;8
"449002411";16;7.19;1.28;9;4;7
"449002632";15;7.8;1.61;10;5;8
"449003787";39;7.13;1.76;10;3;7
"449003795";36;7.17;1.52;10;3;7
"449003981";13;8.08;1.04;9;6;8
"449005615";48;8.94;1.21;10;5;9
"449005909";13;8.31;1.25;10;7;8
"449006522";29;7.69;1.37;10;5;8
"449006530";17;7.53;2.45;10;3;8
"449134482";13;6.77;1.48;9;4;7
"449149676";16;7.88;2.22;10;1;8.5
"449203794";15;7.93;1.62;10;5;8
"449204324";9;7.78;0.97;9;7;7
"449208672";13;7.69;1.89;10;4;8
"449212602";51;8.53;1.46;10;4;9
"449213447";18;7.83;1.98;10;2;8
"449213943";12;8.58;1;10;7;8
"449219364";34;8.32;1.25;10;5;8
"449219410";11;7.55;1.75;10;5;8
"449219461";39;7.62;1.29;10;5;8
"449221180";7;8.86;1.07;10;8;8
"449221482";35;8.17;1.6;10;3;8
"449221490";28;7.68;1.76;10;5;8
"449221504";24;7.5;1.59;10;4;7.5
"449221512";39;7.54;1.5;10;4;8
"449223604";25;8.16;1.18;10;5;8
"449223612";36;7.53;1.59;10;5;7.5
"449227421";13;7.62;1.89;10;3;8
"449907481";37;7.76;1.62;10;3;8
"449910237";12;6.75;1.36;9;4;6.5
"449910571";11;7.55;2.42;10;2;8
"449911004";12;7.08;1.78;10;5;7
"449911446";12;8.25;1.22;10;6;8
"449911519";23;8.43;1.67;10;3;9
"449912558";20;8.55;2.16;10;1;9
"451124340";10;8.5;1.08;10;7;8.5
"451132378";14;8.36;1.98;10;3;8
"451137965";27;7.96;1.22;10;5;8
"451142934";24;8;1.32;10;5;8
"451151259";21;8.24;1.48;10;4;8
"451153553";19;8.32;1.73;10;5;9
"451155750";19;7.37;1.21;9;5;7
"451156609";39;7.23;1.8;10;2;7
"451157443";13;7.23;1.83;10;4;8
"451160525";36;8.42;1.36;10;5;8.5
"451160916";12;8.08;1.51;10;5;8
"451161343";18;7.28;2.16;10;1;7.5
"451161351";20;7.65;1.66;10;4;8
"451162072";14;8.36;1.39;10;6;8
"451163524";22;8.23;1.51;10;5;8.5
"451163966";28;8.36;1.06;10;6;8
"451166582";21;8.33;1.59;10;5;9
"451166892";41;8.63;1.61;10;3;9
"451167317";41;7.61;1.64;10;3;8
"451167538";14;8.07;1.9;10;5;8.5
"451167716";24;8.71;1.16;10;5;9
"451167805";17;7.76;1.2;9;5;8
"451168615";22;7.95;1.53;10;5;8
"451169514";25;7.88;1.86;10;4;8
"451169522";25;7.96;1.51;10;5;8
"451169530";42;8.38;2.04;10;4;9
"451170385";26;7.81;1.79;10;4;8
"451172817";38;7.87;1.6;10;5;8
"451173139";17;7;1.84;10;4;7
"451173317";16;8.31;1.54;10;5;8.5
"451176464";36;7.31;1.65;10;4;7
"451177096";32;7.78;1.54;10;3;8
"451180232";27;7.93;1.73;10;5;8
"451180410";14;7;1.36;9;4;7
"451180429";11;7.45;1.86;10;5;8
"451181379";24;7.54;1.67;10;5;8
"451183665";33;6.97;1.72;10;3;7
"451184718";11;7.82;2.4;10;1;8
"451184963";46;7.83;1.78;10;3;8
"451186362";22;7.5;1.74;10;4;8
"451186923";8;8.12;0.99;10;7;8
"451188454";23;8.43;1.34;10;5;8
"451188462";22;7.23;1.93;10;2;7.5
"451188489";14;7.36;2.68;10;2;8
"451190491";26;8.42;1.68;10;4;9
"451190521";20;7.95;2.14;10;2;8
"451190548";26;7.65;1.83;10;2;8
"451190556";19;8.37;1.5;10;5;8
"451190564";20;8.7;1.17;10;6;8.5
"451190572";18;8.17;1.69;10;5;8.5
"451191013";17;6.65;2.45;10;2;8
"451191137";10;8.8;1.23;10;7;9
"451191145";21;8.1;1.89;10;3;9
"451191153";18;8.17;1.72;10;5;8.5
"451196716";8;7.62;1.77;10;5;7.5
"451197399";16;7.81;1.33;10;5;8
"451197747";19;7.26;1.91;10;3;8
"451202341";21;7.67;1.93;10;3;9
"451202503";14;7.93;1.69;10;4;8
"451203593";9;7.33;2;10;4;8
"451203771";30;7.97;1.69;10;5;8
"451203895";29;5.76;1.94;9;1;6
"451204530";17;7.18;2.51;10;3;8
"451204891";11;8.18;1.83;10;5;9
"451205421";17;7.82;1.47;10;4;8
"451206525";23;7.61;1.9;10;2;8
"451206673";15;8;1.31;10;6;8
"451207521";17;7.24;2.46;10;1;7
"451208765";22;7.55;1.99;10;4;8
"451209907";22;7.5;1.57;10;4;8
"451210743";14;8.14;0.77;10;7;8
"451403703";13;7.85;1.91;10;4;8
"451409973";16;7.62;1.54;10;5;8
"451410947";13;7.15;1.91;10;5;7
"451457811";8;7.62;0.92;9;6;8
"451523377";12;8.58;1.31;10;6;8.5
"451524934";56;8.79;1.19;10;6;9
"451526341";59;8.29;1.55;10;4;9
"452260116";33;7.21;2.23;10;2;8
"452262143";18;8.39;1.85;10;5;8.5
"452264464";45;7.84;2.25;10;1;9
"452266564";21;7.38;2.5;10;1;8
"452268060";18;7.5;1.42;10;4;8
"452269571";32;8.16;1.57;10;4;8
"452277337";12;6.58;1.24;8;5;6.5
"452278902";11;8.82;1.6;10;5;9
"452279178";22;8.68;1.89;10;5;10
"452280621";23;7.61;1.88;10;3;8
"452281032";15;8.6;1.35;10;5;9
"452281679";8;7.5;1.41;10;6;7
"452281725";10;7.9;1.1;10;6;8
"452281784";16;6.75;1.57;9;5;7
"452281881";16;7.94;2.08;10;2;8
"452281903";24;7.58;2.36;10;2;8
"452282152";133;7.92;1.46;10;4;8
"452282195";29;7.24;1.96;10;3;7
"452282829";65;6.82;2.08;10;2;7
"452283205";30;7.2;1.54;10;4;8
"452283442";19;7.37;1.57;10;3;8
"452284295";14;7.07;2.02;10;3;7
"452284449";34;7.91;1.46;10;5;8
"452284937";10;8.4;1.17;10;7;8.5
"515087122";13;7.46;1.76;10;4;8
"515090174";15;7.2;1.52;10;5;7
"515093203";15;7.33;1.05;9;5;7
"515093556";14;6.71;1.82;10;4;7
"515095826";18;7.22;1.22;9;5;7.5
"515102636";15;8.33;1.68;10;5;9
"515102652";15;7;1.89;10;3;7
"515114693";14;8.71;1.07;10;7;9
"515118559";14;7.71;1.86;10;5;8
"515118656";16;7.31;0.79;9;6;7
"515119784";15;7.73;1.33;10;5;8
"515120006";18;7.5;1.65;10;5;7.5
"515120618";22;8;1.57;10;5;8
"515120898";13;7.69;2.18;10;3;8
"515121843";26;7.85;1.59;10;5;8
"515122491";13;7.38;1.56;10;5;8
"515122734";21;8.52;1.4;10;5;9
"515124214";17;7.71;1.36;10;5;8
"515124893";11;7.27;1.56;9;5;8
"515126772";38;8.26;1.7;10;5;8.5
"515127221";14;8;1.47;10;5;8
"515127396";14;6.71;1.49;9;5;6.5
"515127833";24;7.46;1.61;10;4;7.5
"515128546";43;7.84;1.48;10;5;8
"515128554";41;7.8;1.98;10;5;8
"515129941";12;6.58;1.83;10;4;6.5
"515130044";11;7.45;1.37;9;5;8
"515130389";36;7.33;1.57;10;5;8
"515130966";16;7.38;1.26;9;5;7
"515131083";12;8.5;1.17;10;6;8
"515131229";58;8.09;1.88;10;1;8.5
"515132020";46;7.63;1.89;10;3;8
"515132136";13;6.92;1.38;9;4;7
"515132187";24;7.83;1.97;10;3;8
"515132268";11;7.64;1.91;10;5;8
"515133302";17;7.59;2.06;10;3;8
"515133639";16;7.81;1.42;10;5;8
"515133876";18;7.67;1.75;10;5;8
"515133973";26;8.23;1.56;10;5;8.5
"515134279";10;7.9;0.99;9;6;8
"515134384";13;6.77;1.3;9;4;7
"515135062";26;7.73;1.51;10;5;8
"515135739";19;7.84;1.86;10;5;8
"515136379";30;7.7;1.86;10;4;8
"515136530";32;8.47;1.8;10;5;9
"515137111";17;7.71;2.37;10;1;8
"517122707";13;7.31;2.39;10;2;8
"517149257";13;8.77;1.42;10;5;9
"525941908";17;6.94;2.11;10;1;7
"525945725";10;8.4;1.65;10;6;8.5
"525945938";11;7.45;1.69;10;5;7
"525946233";17;8.29;1.69;10;5;9
"525946829";22;7.73;1.67;10;5;8
"525947299";18;8.33;1.81;10;4;9
"525947647";35;8.43;1.88;10;1;9
"552143774";13;7.54;1.13;10;6;7
"552996009";19;8;1.94;10;4;9
"552996181";16;7.38;1.45;10;5;7
"552998001";16;8.06;1.34;10;5;8
"552998486";23;7.87;1.98;10;2;8
"552999458";8;8.38;0.74;10;8;8
"552999954";7;6.71;1.25;8;5;7
"553096060";13;7.08;1.19;9;5;7
"553099558";15;7.47;2.07;10;5;7
"553106643";13;7.31;2.39;10;3;8
"553208845";26;8.73;1.15;10;7;9
"553210092";17;7.35;1.9;10;3;8
"553210793";16;8.25;1.84;10;4;8
"553211404";26;8.54;1.36;10;6;9
"553212451";14;8.43;1.7;10;5;9
"553212478";17;8.24;1.6;10;5;8
"553212583";12;7.58;2.64;10;1;8
"553213105";20;8.25;2.31;10;2;9
"553213148";27;9;1.59;10;5;10
"553213172";16;9;1.41;10;6;10
"553213180";15;8.67;1.4;10;5;9
"553213695";10;7.2;2.57;10;3;7.5
"553250426";48;8.27;1.83;10;1;8
"553250531";39;8.08;1.6;10;5;8
"553258001";20;8.35;1.5;10;5;8.5
"553260111";43;7.49;2.48;10;1;8
"553262505";20;7.55;1.88;10;3;8
"553263226";12;8.25;1.82;10;5;8.5
"553265741";17;7.35;2;10;4;7
"553268449";16;7.69;2.15;10;3;8
"553268880";42;8.07;1.61;10;5;8
"553271636";37;7.84;1.34;10;5;8
"553272535";39;8.85;1.31;10;5;9
"553272837";18;7.33;2.43;10;1;7.5
"553273914";27;8.11;1.31;10;6;8
"553274295";27;8.63;1.9;10;3;9
"553274325";14;9.14;0.95;10;7;9
"553274503";24;8.5;1.18;10;5;8.5
"553275976";28;7.25;1.32;9;5;7
"553277472";36;7.83;1.78;10;4;8
"553277537";16;8.81;1.42;10;5;9
"553278223";17;8.06;2.05;10;2;9
"553278274";12;8;1.95;10;5;8.5
"553278355";19;8.11;1.88;10;2;8
"553278592";11;7.82;1.78;10;5;8
"553279378";36;8.44;1.32;10;5;8.5
"553279556";36;8.28;1.26;10;5;8
"553279912";68;7.35;1.81;10;1;7
"553280341";49;7.69;1.33;10;4;8
"553280368";32;8.28;1.17;10;6;8
"553280414";23;7.65;2.01;10;3;8
"553280589";11;8.09;1.51;10;5;8
"553280945";20;8.25;1.68;10;5;8.5
"553282476";13;7.54;1.45;10;5;8
"553283685";15;8.13;1.55;10;6;8
"553284789";34;7.85;1.44;10;4;8
"553287346";14;7.5;1.29;9;5;8
"553287737";13;8.31;2.06;10;5;10
"553289411";32;7.66;1.82;10;5;8
"553289691";18;7.78;1.63;9;3;8
"553292722";18;7;1.75;10;4;7
"553293354";10;8.7;1.57;10;5;9
"553294385";13;8.23;1.88;10;3;9
"553295772";14;7.43;1.34;10;5;7
"553295977";18;8.17;1.79;10;5;8
"553296981";46;8.59;1.39;10;5;9
"553299506";15;6.8;1.78;10;3;7
"553348973";14;7.57;1.87;10;5;7.5
"553348981";12;8.5;1.31;10;6;8
"553375407";35;8.37;1.7;10;5;9
"553377868";20;8.2;1.58;10;4;8
"553377876";13;6.62;1.71;9;3;7
"553377884";9;8.67;2;10;4;9
"553380095";22;7.41;1.68;10;4;7.5
"553380958";13;8.08;1.93;10;4;8
"553560247";21;7.24;2.19;10;1;8
"553560735";16;7.62;1.63;10;5;7
"553561618";24;7.08;1.47;10;4;7
"553562614";19;8.58;1.12;10;6;9
"553562738";19;8.42;1.3;10;6;8
"553563521";12;8.17;1.27;10;6;8
"553564528";22;7.68;1.49;10;5;7
"553565915";13;6.85;2.12;10;3;7
"553569031";11;8.36;1.36;10;6;8
"553569058";14;7.43;1.7;10;5;8
"553569155";18;7.11;1.6;10;4;7
"553569910";19;7.74;1.69;10;3;8
"553571656";18;7.94;1.73;10;3;8
"553571818";19;6.95;1.39;9;4;7
"553571885";19;8.32;1.45;10;5;8
"553572040";13;7.92;1.89;10;4;8
"553572202";16;7.69;1.2;10;5;8
"553572210";9;6.56;1.59;9;5;7
"553572326";19;8.11;1.45;10;5;8
"553572997";60;7.72;1.87;10;2;8
"553573136";27;8.19;1.27;10;5;8
"553573209";13;7.15;1.28;9;5;7
"553573403";16;8.81;1.17;10;6;9
"553573616";14;8;1.84;10;5;7.5
"553574574";29;7.83;2.22;10;1;8
"553574639";8;8.38;1.6;10;6;8.5
"553574663";16;7.81;1.91;10;5;8
"553574671";17;7.53;1.7;10;5;7
"553575384";18;8.22;2.13;10;2;9
"553576089";16;8;1.32;10;5;8
"553576798";14;7.57;1.6;10;5;7.5
"553576801";23;7.57;1.95;10;3;8
"553578022";31;7.71;1.47;10;5;8
"553578308";20;7.3;1.63;10;5;7
"553578316";29;7.38;2.03;10;2;8
"553578359";12;7.08;1.78;10;3;7
"553578685";12;8.08;1.51;10;6;8
"553578693";24;8.04;1.33;10;5;8
"553579606";27;6.96;1.87;10;2;7
"553579754";33;8.18;1.78;10;3;8
"553579983";17;7.59;1.54;10;5;7
"553580191";23;7.83;1.83;10;2;8
"553580221";34;7.62;1.5;10;4;8
"553580272";15;7.47;1.96;10;3;8
"553580515";13;8.15;1.21;10;6;8
"553580930";16;7.56;1.5;10;5;7.5
"553581554";16;8;1.41;10;5;8
"553582127";29;7.41;1.86;10;3;7
"553582135";29;7.17;2.25;10;2;7
"553582143";17;7.82;1.29;10;5;8
"553582364";17;7.41;1.7;10;3;8
"553582526";20;7.1;1.45;9;5;7
"553582658";11;8.27;1.19;10;6;8
"553582747";38;8.29;1.59;10;3;8
"553582755";42;7.9;1.51;10;4;8
"553582763";24;7.79;1.82;10;4;8
"553583441";16;7.94;1.44;10;5;8
"553583468";19;7.47;2.29;10;1;8
"553583956";13;7.38;1.19;9;5;7
"553583980";10;7.5;1.96;10;5;8
"553584375";15;8.4;1.06;10;6;8
"553584383";18;7.22;1.73;10;4;7
"553584510";19;8.21;1.55;10;4;9
"553586122";22;8.05;2.1;10;2;8
"553801376";16;7.25;2.02;10;4;7
"553801430";13;8.31;1.11;10;7;8
"553802461";11;7.09;2.12;10;4;7
"553802488";13;8.15;2.08;10;3;8
"553802496";20;8.35;1.63;10;5;8
"571081789";14;8.07;1.49;10;6;8
"575400951";11;8.27;1.01;10;7;8
"590112899";15;8.6;0.99;10;7;9
"590353403";74;9.04;1.35;10;5;10
"590371258";5;8.8;1.64;10;6;9
"590660543";21;8.57;1.08;10;7;8
"60008032";14;7.21;1.89;9;2;8
"60008776";7;7;1.53;9;5;7
"60085452";16;8.19;1.28;10;6;8
"60090367";14;7.36;2.17;10;4;7
"60096195";26;8.08;1.44;10;5;8
"60168013";6;7.83;1.6;10;6;8
"60173289";27;8.07;1.62;10;5;8
"60175400";32;8.34;1.7;10;4;9
"60175966";17;8.41;1.33;10;5;9
"60188731";24;7.67;1.99;10;2;8
"60194448";12;8;0.85;9;6;8
"60198133";15;7.47;1.51;10;4;8
"60199652";28;8.25;1.58;10;4;8
"60248025";16;8.75;1.53;10;5;9.5
"60256672";17;9.59;0.8;10;8;10
"60256737";12;9.5;1.17;10;7;10
"60391626";37;8.41;1.66;10;5;9
"60392452";83;8.1;1.65;10;2;8
"60502258";82;7.67;1.72;10;2;8
"60505885";15;7.13;1.41;9;5;7
"60512806";11;9.09;0.83;10;8;9
"60512822";21;8.38;1.72;10;5;9
"60517794";16;8.19;1.38;10;5;8
"60740450";8;6.75;1.75;10;5;6
"60809833";12;8.67;1.67;10;5;9
"60830956";11;8.36;1.36;10;5;9
"60914653";17;8;2.12;10;3;9
"60915544";58;8.38;1.24;10;5;8
"60916508";36;8.42;1.68;10;3;9
"60920084";18;7.61;1.54;10;4;8
"60921145";38;7.89;1.54;10;5;8
"60922532";28;7.89;1.42;10;5;8
"60926317";12;6.67;2.15;10;2;7.5
"60927569";14;8.07;1.73;10;4;9
"60928336";146;7.9;1.66;10;3;8
"60929790";25;8.04;2.03;10;2;9
"60929871";37;7.84;1.48;10;4;8
"60930187";28;7.82;2.11;10;3;8
"60930535";99;8.21;1.77;10;3;9
"60931418";16;8.25;1.34;10;5;8
"60932139";10;7.7;1.64;10;5;7.5
"60932759";24;7.71;1.2;10;6;8
"60932813";14;7.36;2.13;10;1;7
"60934417";66;8.08;1.53;10;4;8
"60934719";13;8;1.58;10;5;8
"60934913";13;8.15;1.46;10;5;8
"60935464";9;9.11;1.05;10;7;9
"60936363";11;8.64;1.57;10;5;9
"60938455";77;8.43;1.41;10;4;9
"60955775";13;7.69;2.32;10;2;9
"60958022";34;8.03;1.66;10;3;8
"60959037";57;8.21;1.29;10;5;8
"609608444";20;8.7;1.03;10;7;9
"609610597";29;7.03;2.31;10;2;7
"60964049";20;7.95;1.93;10;4;9
"60976241";17;7.47;1.37;10;5;7
"60976497";12;5.67;2.61;10;1;6
"60976845";95;7.65;1.77;10;2;8
"60977493";39;7.64;1.78;10;3;8
"609804138";50;7.46;2.25;10;1;8
"609807900";16;8.19;1.38;10;5;8.5
"60987103";85;7.91;1.73;10;3;8
"60987529";61;7.66;1.42;10;4;8
"60987561";55;8.33;1.86;10;2;9
"60988649";10;6.6;2.01;9;3;7.5
"61000027";14;7.57;1.91;10;4;7.5
"61000043";19;7.32;1.49;10;5;8
"61000175";14;7.64;2.27;10;2;8
"61009059";73;7.92;1.44;10;5;8
"61013412";10;7;1.63;10;5;7
"61015725";39;7.92;1.51;10;4;8
"61020710";22;7.36;1.76;10;2;8
"61030635";9;7.78;1.39;9;5;8
"61030643";13;7.54;0.97;9;6;8
"61031070";15;7.47;1.64;10;5;7
"61031410";12;7.17;1.47;9;5;7
"61031844";11;6.45;1.92;9;3;7
"61032093";13;7.15;1.86;9;2;8
"61044431";10;7.6;1.17;9;5;8
"61057649";15;8.27;1.39;10;5;8
"61092177";14;8.57;1.28;10;6;9
"61092606";15;8.13;1.13;10;7;8
"61092614";13;7.54;1.51;10;5;8
"61093335";11;7.18;2.09;10;3;8
"61094129";13;7.69;1.49;10;5;8
"61096113";16;7.44;1.67;10;4;8
"61097101";33;7.55;1.6;10;5;8
"61097314";20;7.55;1.9;10;3;8
"61097853";18;7.56;1.69;10;5;7.5
"61097861";16;8.06;1.12;10;5;8
"61098795";16;7.12;1.54;10;5;7
"618002219";25;9;1.63;10;2;9
"618002227";32;8.94;1.52;10;5;9.5
"618002235";16;9.75;0.58;10;8;10
"618129022";20;9.15;1.18;10;6;10
"62502174";9;9.33;0.87;10;8;10
"62502182";48;8.04;1.58;10;5;8
"64400018";15;8.53;1.36;10;6;9
"64400026";13;8;1.87;10;5;8
"64400042";14;8.29;2.3;10;2;9
"64400557";33;9.03;1.38;10;5;10
"64400581";14;8.21;1.31;10;6;8
"64401847";22;8.45;1.44;10;5;8.5
"64405176";11;7.45;2.25;10;5;8
"64405842";14;8.5;1.45;10;5;8
"64407055";13;8;1.91;10;4;8
"64407667";66;7.45;2.18;10;2;7
"64407675";31;7.84;1.83;10;4;8
"64407683";23;8.39;1.67;10;5;9
"64407691";14;8.86;1.23;10;6;9
"64471047";25;8.76;1.39;10;5;9
"64471055";14;8.57;1.16;10;7;8.5
"64471063";21;8.62;1.36;10;5;9
"64471101";18;8.67;1.03;10;7;8.5
"64471837";10;8.6;0.97;10;7;8.5
"64472272";26;7.92;1.67;10;5;8
"66211611";13;7.46;1.39;10;6;7
"66214122";42;7.86;2.04;10;2;8
"66214440";14;6.5;1.34;9;5;6
"670030643";26;7.96;1.04;10;6;8
"670031909";15;8.07;1.44;10;5;8
"670032379";19;8.63;1.5;10;4;9
"670805149";14;8.21;1.53;10;5;8.5
"670813028";13;8.23;1.69;10;5;9
"670813648";12;8.42;1.88;10;5;9
"670835382";14;8.29;1.82;10;5;8.5
"670839531";20;7.8;2.17;10;3;8
"670844527";21;8.1;1.58;10;5;8
"670855030";18;8.33;1.94;10;5;9
"670858692";18;7.22;1.93;10;5;8
"670865796";25;7.56;2.04;10;1;7
"670868361";22;8.32;1.32;10;5;8.5
"670869902";15;6.4;2.38;10;2;6
"670880728";33;7.45;2.31;10;1;8
"670891576";8;7.38;1.77;10;5;7.5
"670892963";31;7.03;1.87;10;2;7
"670894184";23;7.3;2.14;10;2;7
"670894605";28;8.96;1.04;10;7;9
"671001132";16;8.88;1.09;10;7;9
"671001795";65;8.12;1.31;10;5;8
"671002481";15;7.93;1.49;10;5;8
"671003755";99;7.47;1.58;10;3;8
"671004107";35;7.83;1.76;10;3;8
"671004530";38;7.68;1.44;10;5;8
"671004549";21;7.57;1.8;10;4;8
"671004565";21;7.29;1.59;10;4;7
"671004573";29;7.66;1.59;10;5;7
"671011367";32;7.25;1.46;10;5;7
"671011375";21;7.86;1.28;10;6;8
"671014196";26;7.42;1.68;10;3;7.5
"671014919";18;6.78;2.1;10;3;7
"671016768";13;8.15;1.28;10;6;8
"671016776";12;7.58;1.88;10;5;7.5
"671021001";99;7.75;1.72;10;3;8
"671023616";23;7.57;1.65;10;3;8
"671024094";13;8;2;10;5;9
"671024108";15;7.67;1.4;10;5;8
"671024248";25;7.44;1.58;10;4;8
"671025333";16;6.62;2.22;10;2;6.5
"671026011";19;7.79;1.44;10;5;8
"671027344";30;7.67;2.37;10;1;8
"671027360";130;8.01;1.73;10;2;8
"671027387";49;7.47;1.92;10;2;8
"671027573";22;7.73;1.83;10;5;8
"671027581";22;7.36;1.92;10;3;8
"671027646";13;8.23;1.64;10;5;8
"671027662";19;7.84;1.95;10;3;8
"671028367";21;7.33;1.65;10;5;7
"671028375";30;8.23;1.3;10;5;8
"671028383";14;7.36;1.82;9;2;8
"671034006";16;8.62;1.15;10;7;8.5
"671034022";17;8.29;1.4;10;5;8
"671036505";20;7.25;2.02;10;4;8
"671038184";45;7.6;1.64;10;1;8
"671038443";12;7.83;1.53;10;5;8
"671038567";9;8;1.5;10;5;8
"671039725";12;8.33;2.06;10;5;9.5
"671039741";11;8.09;1.58;10;5;8
"671041789";51;8.51;1.42;10;5;9
"671042262";29;7.93;1.89;10;3;8
"671042556";11;8.36;0.81;10;7;8
"671042572";19;7.68;1.2;10;5;8
"671042858";46;7.26;1.9;10;2;7
"671250671";30;7.63;1.75;10;4;7.5
"671443283";12;7.75;1.54;10;5;7.5
"671510053";59;7.76;1.77;10;3;8
"671519816";12;8.08;1.38;10;5;8
"671524313";11;8;1.79;10;5;8
"671525743";15;7.67;1.63;10;5;8
"671527215";15;8.6;2.03;10;2;9
"671534718";19;7.26;2.26;10;2;7
"671534734";14;6.79;2.33;10;3;6.5
"671568175";17;7.24;1.82;10;5;7
"671617028";36;8.78;1.33;10;5;9
"671623249";11;8.64;1.57;10;5;9
"671670689";15;7.53;2.64;10;1;9
"671673688";18;7.06;1.92;10;3;8
"671683993";19;7.32;1.92;10;3;8
"671693816";34;6.56;1.78;9;3;6.5
"671695126";9;7.22;2.22;10;5;7
"671695169";16;7.12;2.58;10;1;7
"671701231";17;7.59;1.62;10;4;8
"671705091";16;8.69;1.85;10;5;10
"671708635";29;6.79;1.72;10;4;7
"671727583";17;6.59;1.37;9;4;7
"671727796";31;8.45;1.57;10;4;9
"671729411";17;8.24;1.25;10;6;8
"671741187";17;8.06;1.43;10;6;9
"671741195";15;7.87;1.51;10;5;8
"671742515";11;8.55;1.44;10;6;9
"671743058";15;8.07;2.02;10;3;8
"671744216";21;8.33;1.74;10;5;9
"671755064";13;7.15;1.46;9;4;7
"671758896";29;7.24;1.68;10;5;7
"671759345";19;7.95;1.9;10;4;8
"671776134";25;7.96;1.46;10;5;8
"671776975";8;8.75;1.28;10;7;9
"671789422";15;8.33;1.4;10;5;9
"671793489";28;8.25;1.27;10;6;8
"671867091";24;7.96;1.76;10;4;8.5
"671867113";28;7.68;2.02;10;3;8
"671867156";31;7.94;1.65;10;5;8
"671867172";28;7.25;1.62;10;5;7
"671868691";13;7.38;1.56;10;5;7
"671880187";23;8.22;1.57;10;3;8
"671880314";24;8.04;1.33;10;4;8
"671886665";16;7.75;1.57;10;5;8
"671888587";20;7.05;1.43;9;4;7
"671894455";27;7.07;2.57;10;1;8
"679405283";14;6.71;2.43;10;2;6.5
"679412956";17;8;1.77;10;5;8
"679419454";12;7.42;1.44;10;5;7
"679419462";19;7.68;1.49;10;5;8
"679426140";10;8.5;1.27;10;7;8.5
"679426159";14;8;1.84;10;4;8.5
"679429220";60;7.85;1.53;10;3;8
"679432477";17;8.18;1.98;10;4;9
"679439382";18;6.22;2.34;9;1;7
"679441018";15;7.07;2.09;10;4;7
"679442790";19;7.16;1.89;10;4;7
"679444815";35;7.69;1.76;10;4;8
"679446486";23;7.52;1.75;10;4;8
"679448594";16;6.12;1.86;9;3;6
"679454454";9;8.44;1.59;10;5;9
"679454489";14;7.21;1.93;10;4;8
"679457313";14;7.29;2.09;10;2;7
"679457526";22;8.32;1.21;10;6;8.5
"679459618";20;7.6;1.73;10;5;7
"679459626";15;8.13;1.13;10;6;8
"679720200";18;8.11;2.14;10;3;9
"679721037";11;8.64;1.12;10;7;8
"679721886";13;8.23;1.79;10;5;9
"679723110";16;7.69;1.7;10;5;7.5
"679723161";26;8.85;1.32;10;5;9
"679731148";29;8.07;1.58;10;5;8
"679731725";17;7.59;1.8;10;5;8
"679732411";17;7.71;2.23;10;3;8
"679732764";15;8.53;1.25;10;6;9
"679734775";31;7.87;1.12;10;5;8
"679735666";8;8.12;1.73;10;5;8.5
"679735771";27;7.48;1.87;10;4;8
"679735909";29;7.9;1.74;10;5;8
"679736042";15;7.47;1.51;10;5;7
"679742298";14;8.64;1.5;10;5;9
"679744398";18;7.5;2.36;10;2;8
"679745203";45;8;1.45;10;5;8
"679746048";69;7.28;1.71;10;2;7
"679751521";29;7.69;2.02;10;1;8
"679751602";20;7.75;1.68;10;5;8
"679772677";16;8.19;0.83;10;7;8
"679774025";8;8.62;1.3;10;6;9
"679775439";11;7.91;1.45;10;6;8
"679776818";12;7.08;1.62;10;5;7
"679785892";17;8.24;1.35;10;6;8
"679879242";14;8.43;1.5;10;5;8.5
"679886370";11;7.91;2.47;10;2;9
"684195976";14;7.71;2.02;10;3;8.5
"684195984";18;7.39;1.69;10;5;7
"684800713";16;7.62;2.19;10;3;8
"684801051";13;8.54;1.56;10;6;9
"684801221";23;8.26;1.81;10;4;9
"684801523";51;7.65;2.13;10;2;8
"684803860";11;8.36;1.36;10;6;8
"684810387";15;7.07;1.58;10;5;7
"684810395";16;7.75;1.29;10;5;8
"684814994";24;8.42;1.82;10;4;9
"684832291";15;7;1.69;9;3;7
"684833395";23;8.17;2.21;10;3;9
"684835959";14;8.07;1.49;10;4;8
"684835983";16;8.25;1.95;10;3;9
"684841185";13;8;1.58;10;5;8
"684848783";35;7.26;1.88;10;2;8
"684853507";22;8.64;1.53;10;5;9
"684853515";28;7.89;1.91;10;2;8
"684853523";18;8;2.14;10;2;8
"684857820";22;8.18;1.47;10;3;8
"684862719";17;7.82;1.7;10;3;8
"684863472";10;6.5;2.72;10;2;7
"684865742";33;7.42;1.8;10;2;8
"684867621";38;7.24;2.09;10;3;8
"684872153";62;8.37;1.55;10;4;9
"684874350";60;8.28;1.76;10;3;9
"688170528";28;7.96;2.01;10;2;8.5
"688177743";16;7.69;2.15;10;3;8
"688177751";29;7.48;1.43;10;4;8
"688177859";18;8;1.64;10;5;8
"688177867";10;6.1;2.08;10;3;6
"689817851";14;7.64;1.6;10;5;8
"70212570";45;8.58;1.16;10;6;9
"7110928";10;8.3;1.57;10;5;8
"740704818";15;8.73;2.34;10;1;10
"740723367";12;8.17;2.04;10;5;9
"743203631";29;7.38;1.47;10;5;7
"743206029";24;7.54;1.74;10;5;8
"743206045";22;7.95;1.73;10;4;8
"743206061";12;7.58;1.73;10;5;8
"743211375";37;7.27;1.81;10;5;7
"743211383";28;7.18;2.07;10;2;8
"743222229";13;8.69;1.32;10;7;9
"743224574";26;7.62;1.77;10;3;8
"743225082";21;7.62;1.47;10;4;8
"743225325";15;7.53;1.3;10;5;8
"743225406";24;7.88;1.83;10;5;8
"743225422";8;8;1.2;9;6;8.5
"743227441";42;8.57;1.35;10;5;9
"743235150";31;8.1;1.96;10;5;9
"743237188";55;7.53;1.76;10;2;8
"743237196";9;8.44;1.51;10;6;9
"743245520";22;7.45;2.02;10;4;8
"743262174";11;8.36;1.63;10;5;9
"743406176";14;7.79;1.97;10;5;8.5
"743407083";14;7.57;1.79;10;4;8
"743411250";19;7.11;1.63;10;5;7
"743411269";15;7.4;1.68;10;4;7
"743411323";11;8.45;1.04;9;6;9
"743411331";9;7.78;1.09;10;6;8
"743412028";25;7.76;1.54;10;5;8
"743417682";18;7.28;1.56;10;4;8
"743418174";126;7.98;1.35;10;5;8
"743418190";10;7.5;2.07;10;3;8
"743418204";36;7.64;1.62;10;3;8
"743424425";13;8.46;1.56;10;5;8
"743436210";37;7.35;2.02;10;3;8
"743437640";19;7.68;1.25;10;5;8
"743437802";21;8.29;1.55;10;4;8
"743439740";13;8.69;1.11;10;7;8
"743454146";16;8.44;1.55;10;5;9
"743454529";16;9.56;0.51;10;9;10
"743455967";10;8.9;1.6;10;5;9.5
"743457358";25;7.92;1.44;10;4;8
"743460529";19;7.26;2.02;10;2;7
"743467523";27;7.52;2.17;10;2;8
"743469801";20;8.35;1.69;10;4;8
"743486226";14;7.86;1.66;10;4;8
"753804700";4;7.75;0.96;9;7;7.5
"765341972";10;5.8;1.81;9;3;6
"765342987";19;8.42;1.87;10;2;9
"767900383";35;7.09;2.03;10;1;7
"767902513";16;8.31;1.4;10;6;9
"767902521";38;8.24;1.28;10;5;8
"767902890";14;8.43;1.79;10;4;9
"767903382";12;7.83;1.27;10;6;8
"767903579";14;7.14;2.21;10;3;7
"767903862";9;8.33;0.87;10;7;8
"767905180";46;7.48;1.99;10;1;8
"767905202";19;7.47;2.12;10;3;8
"767905385";42;7.71;1.44;10;5;8
"767905938";11;7.91;2.17;10;3;8
"767907817";23;7.61;1.5;10;4;8
"767912233";13;7.23;1.42;9;5;7
"767913000";8;7.75;0.71;9;7;8
"767914767";15;7.53;1.81;10;4;8
"767915054";19;6.79;1.69;10;4;7
"767916069";16;6.5;2.22;10;2;7
"786808551";14;8.43;1.02;10;6;8
"786817070";37;7.49;1.66;10;5;8
"786861347";8;7.88;1.81;10;5;8
"786862564";18;7.22;1.83;10;4;7
"786866020";14;7.93;2.09;10;4;9
"786866276";13;8.31;1.44;10;5;8
"786866586";21;6.67;2.2;10;2;7
"786866845";16;8.69;1.01;10;7;9
"786867647";32;8.56;1.24;10;5;9
"786868015";10;7.4;1.9;10;4;7.5
"786868619";13;8.23;2.05;10;3;8
"786868716";113;7.98;1.69;10;3;8
"786869216";14;7.86;1.7;10;5;8
"786881852";39;7.79;1.63;10;5;8
"786884592";11;7.27;2.24;10;4;8
"786885688";36;7.25;1.76;10;3;7
"786889020";20;6.7;2.36;10;2;7
"786889616";12;7.58;1.73;10;4;8
"786890436";20;6.85;1.95;10;2;7
"802130208";34;7.24;2.69;10;2;8
"802135196";14;7.14;2.03;10;3;7.5
"802139256";27;8.26;1.29;10;5;8
"804102988";15;8.33;1.35;10;5;9
"804105820";22;7.82;1.47;10;5;8
"804106304";101;8.2;1.23;10;5;8
"804108749";23;7.57;1.41;10;5;8
"804111359";35;7.54;2.16;10;1;8
"804111898";13;8;1.68;10;5;8
"804114609";15;8.6;1.12;10;7;9
"804114986";54;8.02;1.62;10;2;8
"804115613";19;8.47;1.43;10;5;9
"804115761";14;6.64;2.13;10;3;6.5
"805019375";18;7.61;1.38;10;5;8
"805036377";12;7.33;1.5;10;5;7.5
"805036504";17;7.41;1.77;10;5;8
"805059555";20;7.9;1.74;10;5;8
"805062971";23;8.39;1.27;10;5;8
"805063889";17;8.35;1.17;10;6;8
"805063897";66;8.23;1.38;10;4;8
"807083054";5;9;1;10;8;9
"811801802";21;8.81;1.12;10;7;9
"811802981";19;8.95;1.08;10;7;9
"811825558";18;8.22;2.13;10;2;9
"812509250";16;7.88;1.93;10;4;7.5
"812511816";24;8.04;1.83;10;3;8
"812543262";12;8;1.41;10;5;8
"812548051";15;8.6;1.18;10;6;9
"812548094";15;8.33;1.5;10;5;8
"812550706";49;8.78;1.45;10;3;9
"812550757";16;8.44;1.55;10;5;9
"812570944";23;8;1.35;10;5;8
"812575717";14;8.71;1.64;10;5;9
"812967240";16;6.62;2.09;10;2;6.5
"812971043";13;6.62;2.72;9;1;8
"826308791";14;8.79;1.53;10;5;9
"836204387";16;9.31;1.3;10;5;10
"836217691";11;9.45;0.82;10;8;10
"836218353";16;9.25;1.13;10;7;10
"836218515";14;8.57;1.16;10;7;8.5
"836218620";16;9.25;1.34;10;5;10
"836218787";17;9.35;1.37;10;5;10
"836220889";15;9.73;0.59;10;8;10
"836221192";14;8.43;1.74;10;5;9
"836221362";15;9.47;0.99;10;7;10
"8408043641";14;8.21;1.31;10;5;8
"842329129";76;7.88;2.2;10;1;8
"842329218";51;8.49;1.87;10;3;9
"842329242";44;8.18;1.77;10;4;9
"842329250";36;8.33;1.69;10;4;8.5
"842329269";24;8.79;1.38;10;4;9
"842329277";20;8;1.95;10;4;8.5
"842329285";18;8.11;1.45;10;5;8
"842329293";16;8.62;1.67;10;4;9
"842332251";23;8.35;1.7;10;5;9
"842332278";12;8.75;1.14;10;6;9
"842332340";11;8.18;1.83;10;5;9
"842342702";16;7.69;2.06;10;4;7
"860074382";11;8.64;0.92;10;7;9
"865471185";11;8.73;1.01;10;7;9
"871136791";33;8;1.73;10;4;8
"874776945";16;8.44;1.63;10;5;9
"875421180";21;8.43;2.13;10;2;9
"877017883";32;8.91;1.3;10;5;9
"877733759";16;8.81;1.28;10;6;9
"880381736";10;7.7;1.89;10;5;8
"8806142100";3;8;0;8;8;8
"884046818";15;6.67;2.64;10;2;7
"8845205118";3;8.67;1.53;10;7;9
"886777631";7;8.29;2.06;10;5;9
"887307876";20;7.65;1.46;10;5;8
"891073906";11;8.36;1.57;10;5;9
"891075275";15;8.8;1.37;10;5;9
"894803204";22;7.86;1.46;10;5;8
"894805770";24;8.25;1.82;10;3;8
"894808249";24;8.12;1.98;10;3;9
"920668372";13;9.46;0.88;10;8;10
"971263906";11;7.45;1.51;10;5;8
"971880107";178;4.13;2.37;10;1;4
"99245027";13;6.92;1.61;9;4;7
"99771519";41;8.07;1.57;10;5;8
